"Global GHG concentration data for CMIP6 historical runs, July 2016",,,,,,,,,,,,,,,,,,,,,,,,,,,,,,,,,,,,,,,,,,,,,,
"Reference: Malte Meinshausen, Elisabeth Vogel, Alexander Nauels, Katja Lorbacher, Nicolai Meinshausen, David Etheridge, Paul Fraser, Stephen A. Montzka, Peter Rayner, Cathy Trudinger, Paul Krummel, Urs Beyerle, Josep G. Canadell, John S. Daniel, Ian Enting, Rachel M. Law, Simon OÕDoherty, Ron G. Prinn, Stefan Reimann, Mauro Rubino, Martin K. Vollmer, Ray Weiss (2016), Historical greenhouse gas concentrations, GMD Special Issue (please update for final reference) http://www.geosci-model-dev.net/special_issue590.html",,,,,,,,,,,,,,,,,,,,,,,,,,,,,,,,,,,,,,,,,,,,,,
Creation date: 02Jul2016_142118,,,,,,,,,,,,,,,,,,,,,,,,,,,,,,,,,,,,,,,,,,,,,,
"Contact: M.Meinshausen, malte.meinshausen@unimelb.edu.au, Tel: +61 3 90356760, The University of Melbourne & Potsdam Institute for Climate Impact Research",,,,,,,,,,,,,,,,,,,,,,,,,,,,,,,,,,,,,,,,,,,,,,
Assimilated datasources: NOAA and/or AGAGE station data in combination with multiple literature studies. See description in reference.,,,,,,,,,,,,,,,,,,,,,,,,,,,,,,,,,,,,,,,,,,,,,,
Time resolution: Annual Average concentrations,,,,,,,,,,,,,,,,,,,,,,,,,,,,,,,,,,,,,,,,,,,,,,
More info: www.climatecollege.unimelb.edu.au/cmip6,,,,,,,,,,,,,,,,,,,,,,,,,,,,,,,,,,,,,,,,,,,,,,
"Matching fields: The matching latitudinally and monthly resolved concentration fields available via https://pcmdi.llnl.gov/search/input4mips/, CMIP6 ",,,,,,,,,,,,,,,,,,,,,,,,,,,,,,,,,,,,,,,,,,,,,,
"Equivalence information: Equivalence substances CFC-11-eq (summarizing all gases, except CO2, CH4, N2O and CFC-12), CFC-12-eq (summarizing all ODS) and HFC-134a (summarizing all other flourinated compounds) were aggregated using approximate linear radiative efficiencies. This is only a rough approximation for CO2, CH4, and N2O.",,,,,,,,,,,,,,,,,,,,,,,,,,,,,,,,,,,,,,,,,,,,,,
,,,,,,,,,,,,,,,,,,,,,,,,,,,,,,,,,,,,,,,,,,,,,,
&THISFILE_SPECIFICATIONS,,,,,,,,,,,,,,,,,,,,,,,,,,,,,,,,,,,,,,,,,,,,,,
THISFILE_ANNUALSTEPS,1,,,,,,,,,,,,,,,,,,,,,,,,,,,,,,,,,,,,,,,,,,,,,
THISFILE_DATTYPE,RCPDAT,,,,,,,,,,,,,,,,,,,,,,,,,,,,,,,,,,,,,,,,,,,,,
THISFILE_FIRSTYEAR,0,,,,,,,,,,,,,,,,,,,,,,,,,,,,,,,,,,,,,,,,,,,,,
THISFILE_LASTYEAR,2014,,,,,,,,,,,,,,,,,,,,,,,,,,,,,,,,,,,,,,,,,,,,,
THISFILE_FIRSTDATAROW,23,,,,,,,,,,,,,,,,,,,,,,,,,,,,,,,,,,,,,,,,,,,,,
THISFILE_UNITS,Misc,,,,,,,,,,,,,,,,,,,,,,,,,,,,,,,,,,,,,,,,,,,,,
/,,,,,,,,,,,,,,,,,,,,,,,,,,,,,,,,,,,,,,,,,,,,,,
,,,,,,,,,,,,,,,,,,,,,,,,,,,,,,,,,,,,,,,,,,,,,,
COLUMN:,1,2,3,4,5,6,7,8,9,10,11,12,13,14,15,16,17,18,19,20,21,22,23,24,25,26,27,28,29,30,31,32,33,34,35,36,37,38,39,40,41,42,43,44,45,46
UNITS:,ppm,ppb,ppb,ppt,ppt,ppt,ppt,ppt,ppt,ppt,ppt,ppt,ppt,ppt,ppt,ppt,ppt,ppt,ppt,ppt,ppt,ppt,ppt,ppt,ppt,ppt,ppt,ppt,ppt,ppt,ppt,ppt,ppt,ppt,ppt,ppt,ppt,ppt,ppt,ppt,ppt,ppt,ppt,ppt,ppt,ppt
YEAR,CO2,CH4,N2O,HFC-134a,HFC-23,HFC-32,HFC-125,HFC-143a,HFC-152a,HFC-227ea,HFC-236fa,HFC-245fa,HFC-365mfc,HFC-43-10mee,NF3,SF6,SO2F2,CF4,C2F6,C3F8,C4F10,C5F12,C6F14,C7F16,C8F18,c-C4F8,CFC-12,CFC-11,CFC-113,CFC-114,CFC-115,HCFC-22,HCFC-141b,HCFC-142b,CH3CCl3,CCl4,CH3Cl,CH2Cl2,CHCl3,CH3Br,Halon-1211,Halon-1301,Halon-2402,CFC-12-eq,HFC-134a-eq,CFC-11-eq
1850,284.32,808.2490269,273.021049,0,0,0.000218389,0,0,0,3.95E-06,0,0,0,0,0,0,2.10E-05,34.05,1.29E-06,0,0,0,0,0,0,0,0,0,0,0,0,0,0,0,0,0.025000429,457,6.91276128,6,5.299997818,0.004446573,0,0,16.51288253,19.15330983,32.11019993
1851,284.45,808.4141053,273.0940487,0,0,0.000220928,0,0,0,4.00E-06,0,0,0,0,0,0,2.12E-05,34.05,1.03E-05,0,0,0,0,0,0,0,0,0,0,0,0,0,0,0,0,0.025000429,457,6.91276128,6,5.299997818,0.004446573,0,0,16.51288253,19.15332606,32.11020991
1852,284.6,809.1631281,273.1680491,0,0,0.000223468,0,0,0,4.04E-06,0,0,0,0,0,0,2.15E-05,34.05,2.07E-05,0,0,0,0,0,0,0,0,0,0,0,0,0,0,0,0,0.025000429,457,6.91276128,6,5.299997818,0.004446573,0,0,16.51288253,19.15334437,32.11022118
1853,284.73,810.4040596,273.2640482,0,0,0.000226007,0,0,0,4.09E-06,0,0,0,0,0,0,2.17E-05,34.05,3.11E-05,0,0,0,0,0,0,0,0,0,0,0,0,0,0,0,0,0.025000429,457,6.91276128,6,5.299997818,0.004446573,0,0,16.51288253,19.15336276,32.1102325
1854,284.85,811.7321433,273.3630485,0,0,0.000228547,0,0,0,4.14E-06,0,0,0,0,0,0,2.20E-05,34.05,4.15E-05,0,0,0,0,0,0,0,0,0,0,0,0,0,0,0,0,0.025000429,457,6.91276128,6,5.299997818,0.004446573,0,0,16.51288253,19.1533812,32.11024385
1855,284.94,813.3320442,273.4700481,0,0,0.000231086,0,0,0,4.18E-06,0,0,0,0,0,0,2.22E-05,34.05,5.20E-05,0,0,0,0,0,0,0,0,0,0,0,0,0,0,0,0,0.025000429,457,6.91276128,6,5.299997818,0.004446573,0,0,16.51288253,19.15339972,32.11025524
1856,285.05,814.7961229,273.5780482,0,0,0.000233625,0,0,0,4.23E-06,0,0,0,0,0,0,2.25E-05,34.05,6.25E-05,0,0,0,0,0,0,0,0,0,0,0,0,0,0,0,0,0.025000429,457,6.91276128,6,5.299997818,0.004446573,0,0,16.51288253,19.15341833,32.1102667
1857,285.2,816.4521191,273.6750481,0,0,0.000236165,0,0,0,4.27E-06,0,0,0,0,0,0,2.27E-05,34.05,7.32E-05,0,0,0,0,0,0,0,0,0,0,0,0,0,0,0,0,0.025000429,457,6.91276128,6,5.299997818,0.004446573,0,0,16.51288253,19.15343703,32.11027821
1858,285.37,818.355133,273.7560495,0,0,0.000238704,0,0,0,4.32E-06,0,0,0,0,0,0,2.30E-05,34.05,8.38E-05,0,0,0,0,0,0,0,0,0,0,0,0,0,0,0,0,0.025000429,457,6.91276128,6,5.299997818,0.004446573,0,0,16.51288253,19.15345585,32.11028979
1859,285.54,820.3960803,273.8950472,0,0,0.000241244,0,0,0,4.37E-06,0,0,0,0,0,0,2.32E-05,34.05,9.46E-05,0,0,0,0,0,0,0,0,0,0,0,0,0,0,0,0,0.025000429,457,6.91276128,6,5.299997818,0.004446573,0,0,16.51288253,19.15347479,32.11030144
1860,285.74,822.3121235,274.0560476,0,0,0.000243783,0,0,0,4.41E-06,0,0,0,0,0,0,2.35E-05,34.05,0.000105433,0,0,0,0,0,0,0,0,0,0,0,0,0,0,0,0,0.025000429,457,6.91276128,6,5.299997818,0.004446573,0,0,16.51288253,19.15349385,32.11031317
1861,285.93,824.3991867,274.2400466,0,0,0.000246322,0,0,0,4.46E-06,0,0,0,0,0,0,2.37E-05,34.05,0.00011636,0,0,0,0,0,0,0,0,0,0,0,0,0,0,0,0,0.025000429,457,6.91276128,6,5.299997818,0.004446573,0,0,16.51288253,19.15351305,32.11032499
1862,286.1,827.0291977,274.416047,0,0,0.000248862,0,0,0,4.50E-06,0,0,0,0,0,0,2.40E-05,34.0501,0.000127382,0,0,0,0,0,0,0,0,0,0,0,0,0,0,0,0,0.025000429,457,6.91276128,6,5.299997818,0.004446573,0,0,16.51288253,19.15358865,32.11037151
1863,286.27,830.1662127,274.5710474,0,0,0.000251401,0,0,0,4.55E-06,0,0,0,0,0,0,2.42E-05,34.0501,0.000138504,0,0,0,0,0,0,0,0,0,0,0,0,0,0,0,0,0.025000429,457,6.91276128,6,5.299997818,0.004446573,0,0,16.51288253,19.15360816,32.11038352
1864,286.44,833.6041328,274.7200476,0,0,0.000253941,0,0,0,4.60E-06,0,0,0,0,0,0,2.45E-05,34.0501,0.000149735,0,0,0,0,0,0,0,0,0,0,0,0,0,0,0,0,0.025000429,457,6.91276128,6,5.299997818,0.004446573,0,0,16.51288253,19.15362784,32.11039563
1865,286.61,836.8941987,274.8800473,0,0,0.00025648,0,0,0,4.64E-06,0,0,0,0,0,0,2.47E-05,34.0501,0.000161078,0,0,0,0,0,0,0,0,0,0,0,0,0,0,0,0,0.025000429,457,6.91276128,6,5.299997818,0.004446573,0,0,16.51288253,19.15364769,32.11040784
1866,286.78,840.362209,275.0480471,0,0,0.000259019,0,0,0,4.69E-06,0,0,0,0,0,0,2.50E-05,34.0501,0.000172542,0,0,0,0,0,0,0,0,0,0,0,0,0,0,0,0,0.025000429,457,6.91276128,6,5.299997818,0.004446573,0,0,16.51288253,19.15366773,32.11042018
1867,286.95,843.9951218,275.2130474,0,0,0.000261559,0,0,0,4.73E-06,0,0,0,0,0,0,2.52E-05,34.0502,0.000184133,0,0,0,0,0,0,0,0,0,0,0,0,0,0,0,0,0.025000429,457,6.91276128,6,5.299997818,0.004446573,0,0,16.51288253,19.15374422,32.11046725
1868,287.1,847.2491306,275.3910468,0,0,0.000264098,0,0,0,4.78E-06,0,0,0,0,0,0,2.54E-05,34.0502,0.000195856,0,0,0,0,0,0,0,0,0,0,0,0,0,0,0,0,0.025000429,457,6.91276128,6,5.299997818,0.004446573,0,0,16.51288253,19.15376467,32.11047983
1869,287.22,850.1300803,275.5610471,0,0,0.000266638,0,0,0,4.83E-06,0,0,0,0,0,0,2.57E-05,34.0502,0.000207718,0,0,0,0,0,0,0,0,0,0,0,0,0,0,0,0,0.025000429,457,6.91276128,6,5.299997818,0.004446573,0,0,16.51288253,19.15378533,32.11049255
1870,287.35,852.4350131,275.7200477,0,0,0.000269177,0,0,0,4.87E-06,0,0,0,0,0,0,2.59E-05,34.0502,0.000219725,0,0,0,0,0,0,0,0,0,0,0,0,0,0,0,0,0.025000429,457,6.91276128,6,5.299997818,0.004446573,0,0,16.51288253,19.15380622,32.1105054
1871,287.49,853.9930722,275.9030465,0,0,0.000271716,0,0,0,4.92E-06,0,0,0,0,0,0,2.62E-05,34.0503,0.000231883,0,0,0,0,0,0,0,0,0,0,0,0,0,0,0,0,0.025000429,457,6.91276128,6,5.299997818,0.004446573,0,0,16.51288253,19.1538836,32.11055302
1872,287.66,855.2329918,276.0780473,0,0,0.000274256,0,0,0,4.96E-06,0,0,0,0,0,0,2.64E-05,34.0503,0.0002442,0,0,0,0,0,0,0,0,0,0,0,0,0,0,0,0,0.025000429,457,6.91276128,6,5.299997818,0.004446573,0,0,16.51288253,19.15390498,32.11056617
1873,287.86,856.1682009,276.2500469,0,0,0.000276795,0,0,0,5.01E-06,0,0,0,0,0,0,2.67E-05,34.0503,0.000256681,0,0,0,0,0,0,0,0,0,0,0,0,0,0,0,0,0.025000429,457,6.91276128,6,5.299997818,0.004446573,0,0,16.51288253,19.15392661,32.11057948
1874,288.06,857.8200702,276.4160474,0,0,0.000279335,0,0,0,5.06E-06,0,0,0,0,0,0,2.69E-05,34.0504,0.000269332,0,0,0,0,0,0,0,0,0,0,0,0,0,0,0,0,0.025000429,457,6.91276128,6,5.299997818,0.004446573,0,0,16.51288253,19.15400475,32.11062757
1875,288.29,859.4690603,276.5850469,0,0,0.000281874,0,0,0,5.10E-06,0,0,0,0,0,0,2.72E-05,34.0504,0.000282159,0,0,0,0,0,0,0,0,0,0,0,0,0,0,0,0,0.025000429,457,6.91276128,6,5.299997818,0.004446573,0,0,16.51288253,19.15402693,32.11064122
1876,288.52,860.8591008,276.7350474,0,0,0.000284413,0,0,0,5.15E-06,0,0,0,0,0,0,2.74E-05,34.0505,0.00029517,0,0,0,0,0,0,0,0,0,0,0,0,0,0,0,0,0.025000429,457,6.91276128,6,5.299997818,0.004446573,0,0,16.51288253,19.15410563,32.11068965
1877,288.75,862.3791146,276.8640481,0,0,0.000286953,0,0,0,5.19E-06,0,0,0,0,0,0,2.77E-05,34.0505,0.00030837,0,0,0,0,0,0,0,0,0,0,0,0,0,0,0,0,0.025000429,457,6.91276128,6,5.299997818,0.004446573,0,0,16.51288253,19.15412839,32.11070366
1878,288.99,864.1391515,277.0020474,0,0,0.000289492,0,0,0,5.24E-06,0,0,0,0,0,0,2.79E-05,34.0506,0.000321766,0,0,0,0,0,0,0,0,0,0,0,0,0,0,0,0,0.025000429,457,6.91276128,6,5.299997818,0.004446573,0,0,16.51288253,19.1542077,32.11075246
1879,289.22,866.2831592,277.1330481,0,0,0.000292032,0,0,0,5.29E-06,0,0,0,0,0,0,2.82E-05,34.0506,0.000335363,0,0,0,0,0,0,0,0,0,0,0,0,0,0,0,0,0.025000429,457,6.91276128,6,5.299997818,0.004446573,0,0,16.51288253,19.15423107,32.11076685
1880,289.47,868.6961063,277.2650474,0,0,0.000294571,0,0,0,5.33E-06,0,0,0,0,0,0,2.84E-05,34.0507,0.000349169,0,0,0,0,0,0,0,0,0,0,0,0,0,0,0,0,0.025000429,457,6.91276128,6,5.299997818,0.004446573,0,0,16.51288253,19.15431102,32.11081605
1881,289.74,870.9841267,277.3740486,0,0,0.00029711,0,0,0,5.38E-06,0,0,0,0,0,0,2.87E-05,34.0507,0.000363189,0,0,0,0,0,0,0,0,0,0,0,0,0,0,0,0,0.025000429,457,6.91276128,6,5.299997818,0.004446573,0,0,16.51288253,19.15433506,32.11083084
1882,290.02,873.2501344,277.4860478,0,0,0.00029965,0,0,0,5.42E-06,0,0,0,0,0,0,2.89E-05,34.0508,0.00037743,0,0,0,0,0,0,0,0,0,0,0,0,0,0,0,0,0.025000429,457,6.91276128,6,5.299997818,0.004446573,0,0,16.51288253,19.15441569,32.11088046
1883,290.26,875.6031505,277.5910485,0,0,0.000302189,0,0,0,5.47E-06,0,0,0,0,0,0,2.92E-05,34.0509,0.000391897,0,0,0,0,0,0,0,0,0,0,0,0,0,0,0,0,0.025000429,457,6.91276128,6,5.299997818,0.004446573,0,0,16.51288253,19.15449668,32.1109303
1884,290.51,878.1481951,277.6950481,0,0,0.000304729,0,0,0,5.52E-06,0,0,0,0,0,0,2.94E-05,34.051,0.000406599,0,0,0,0,0,0,0,0,0,0,0,0,0,0,0,0,0.025000429,457,6.91276128,6,5.299997818,0.004446573,0,0,16.51288253,19.15457803,32.11098036
1885,290.8,881.0251277,277.7950483,0,0,0.000307268,0,0,0,5.56E-06,0,0,0,0,0,0,2.96E-05,34.051,0.00042154,0,0,0,0,0,0,0,0,0,0,0,0,0,0,0,0,0.025000429,457,6.91276128,6,5.299997818,0.004446573,0,0,16.51288253,19.1546035,32.11099603
1886,291.1,883.8392111,277.8850489,0,0,0.000309808,0,0,0,5.61E-06,0,0,0,0,0,0,2.99E-05,34.0511,0.000436727,0,0,0,0,0,0,0,0,0,0,0,0,0,0,0,0,0.025000429,457,6.91276128,6,5.299997818,0.004446573,0,0,16.51288253,19.15468561,32.11104656
1887,291.41,886.9331312,277.9950475,0,0,0.000312347,0,0,0,5.65E-06,0,0,0,0,0,0,3.01E-05,34.0512,0.000452166,0,0,0,0,0,0,0,0,0,0,0,0,0,0,0,0,0.025000429,457,6.91276128,6,5.299997818,0.004446573,0,0,16.51288253,19.15476811,32.11109733
1888,291.76,889.9262115,278.0800495,0,0,0.000314886,0,0,0,5.70E-06,0,0,0,0,0,0,3.04E-05,34.0513,0.000467863,0,0,0,0,0,0,0,0,0,0,0,0,0,0,0,0,0.025000429,457,6.91276128,6,5.299997818,0.004446573,0,0,16.51288253,19.15485102,32.11114835
1889,292.11,893.1561629,278.1910472,0,0,0.000317426,0,0,0,5.75E-06,0,0,0,0,0,0,3.06E-05,34.0514,0.000483826,0,0,0,0,0,0,0,0,0,0,0,0,0,0,0,0,0.025000429,457,6.91276128,6,5.299997818,0.004446573,0,0,16.51288253,19.15493434,32.11119963
1890,292.46,896.3831741,278.2730493,0,0,0.000319965,0,0,0,5.79E-06,0,0,0,0,0,0,3.09E-05,34.0515,0.000500059,0,0,0,0,0,0,0,0,0,0,0,0,0,0,0,0,0.025000429,457,6.91276128,6,5.299997818,0.004446573,0,0,16.51288253,19.15501808,32.11125116
1891,292.82,899.666268,278.3470486,0,0,0.000322505,0,0,0,5.84E-06,0,0,0,0,0,0,3.11E-05,34.0516,0.000516571,3.28E-08,0,0,0,0,0,0,0,0,0,0,0,0,0,0,0,0.025000429,457,6.91276128,6,5.299997818,0.004446573,0,0,16.51288253,19.15510232,32.111303
1892,293.17,903.5341862,278.4420486,0,0,0.000325044,0,0,0,5.88E-06,0,0,0,0,0,0,3.14E-05,34.0517,0.000533365,3.05E-07,0,0,0,0,0,0,0,0,0,0,0,0,0,0,0,0.025000429,457,6.91276128,6,5.299997818,0.004446573,0,0,16.51288253,19.15518742,32.11135537
1893,293.48,907.2741284,278.5540482,0,0,0.000327583,0,0,0,5.93E-06,0,0,0,0,0,0,3.16E-05,34.0518,0.00055045,6.92E-07,0,0,0,0,0,0,0,0,0,0,0,0,0,0,0,0.025000429,457,6.91276128,6,5.299997818,0.004446573,0,0,16.51288253,19.15527317,32.11140814
1894,293.79,910.4781392,278.6890478,0,0,0.000330123,0,0,0,5.98E-06,0,0,0,0,0,0,3.19E-05,34.0519,0.000567831,1.24E-06,0,0,0,0,0,0,0,0,0,0,0,0,0,0,0,0.025000429,457,6.91276128,6,5.299997818,0.004446573,0,0,16.51288253,19.15535967,32.11146137
1895,294.08,913.2259779,278.8310472,0,0,0.000332662,0,0,0,6.02E-06,0,0,0,0,0,0,3.21E-05,34.0521,0.000585515,1.96E-06,0,0,0,0,0,0,0,0,0,0,0,0,0,0,0,0.025000429,457,6.91276128,6,5.299997818,0.004446573,0,0,16.51288253,19.15550318,32.11154968
1896,294.36,914.7710873,278.9390487,0,0,0.000335202,0,0,0,6.07E-06,0,0,0,0,0,0,3.24E-05,34.0522,0.000603507,2.85E-06,0,0,0,0,0,0,0,0,0,0,0,0,0,0,0,0.025000429,457,6.91276128,6,5.299997818,0.004446573,0,0,16.51288253,19.15559123,32.11160387
1897,294.65,916.2742714,279.0510477,0,0,0.000337741,0,0,0,6.11E-06,0,0,0,0,0,0,3.26E-05,34.0523,0.000621815,3.91E-06,0,0,0,0,0,0,0,0,0,0,0,0,0,0,0,0.025000429,457,6.91276128,6,5.299997818,0.004446573,0,0,16.51288253,19.15568007,32.11165854
1898,294.95,919.0172211,279.1630488,0,0,0.00034028,0,0,0,6.16E-06,0,0,0,0,0,0,3.29E-05,34.0525,0.000640444,5.15E-06,0,0,0,0,0,0,0,0,0,0,0,0,0,0,0,0.025000429,457,6.91276128,6,5.299997818,0.004446573,0,0,16.51288253,19.15582599,32.11174833
1899,295.3,922.2811821,279.3080469,0,0,0.00034282,0,0,0,6.21E-06,0,0,0,0,0,0,3.31E-05,34.0526,0.000659401,6.58E-06,0,0,0,0,0,0,0,0,0,0,0,0,0,0,0,0.025000429,457,6.91276128,6,5.299997818,0.004446573,0,0,16.51288253,19.15591648,32.11180402
1900,295.67,925.5521141,279.4540478,0,0,0.000345359,0,0,0,6.25E-06,0,0,0,0,0,0,3.34E-05,34.0528,0.000678692,8.19E-06,0,0,0,0,0,0,0,0,0,0,0,0,0,0,0,0.025000377,457,6.91276128,6,5.299997818,0.00444657,0,0,16.5128825,19.15606408,32.11189481
1901,296.01,928.8003363,279.6130479,0,0,0.000347899,0,0,0,6.30E-06,0,0,0,0,0,0,3.36E-05,34.0529,0.000701148,1.00E-05,0,0,0,0,0,0,0,0,0,0,0,0,0,0,0,0.025000494,457,6.91276128,6.000000001,5.299997818,0.00444657,0,0,16.51288256,19.15616071,32.11195436
1902,296.32,932.731158,279.8610456,0,0,0.000350438,0,0,0,6.34E-06,0,0,0,0,0,0,3.39E-05,34.0553,0.000884881,1.50E-05,0,0,0,0,0,0,0,0,0,0,0,0,0,0,0,0.025000344,457,6.91276128,5.999999999,5.299997818,0.00444657,0,0,16.51288248,19.15780867,32.11296839
1903,296.65,936.7834294,280.1560448,0,0,0.000352977,0,0,0,6.39E-06,0,0,0,0,0,0,3.41E-05,34.058,0.001116641,2.50E-05,0,0,0,0,0,0,0,0,0,0,0,0,0,0,0,0.025000539,457,6.91276128,6.000000001,5.299997818,0.00444657,0,0,16.51288258,19.15970918,32.11413806
1904,296.95,942.1142733,280.4320453,0,0,0.000355517,0,0,0,6.43E-06,0,0,0,0,0,0,3.43E-05,34.0608,0.001382946,3.50E-05,0,0,0,0,0,0,0,0,0,0,0,0,0,0,0,0.025000282,457,6.91276128,5.999999999,5.299997818,0.00444657,0,0,16.51288245,19.16171991,32.11537526
1905,297.29,947.4432792,280.7050454,0,0,0.000358056,0,0,0,6.48E-06,0,0,0,0,0,0,3.46E-05,34.0642,0.001716368,5.00E-05,0,0,0,0,0,0,0,0,0,0,0,0,0,0,0,0.025000625,457,6.91276128,6,5.299997818,0.00444657,0,0,16.51288263,19.16418176,32.11689047
1906,297.66,953.0924179,280.9800454,0,0,0.000360596,0,0,0,6.53E-06,0,0,0,0,0,0,3.48E-05,34.0687,0.002196361,6.00E-05,0,0,0,0,0,0,0,0,0,0,0,0,0,0,0,0.025000161,457,6.91276128,5.999999985,5.299997818,0.00444657,0,0,16.51288238,19.16748263,32.11892147
1907,298.1,959.1561175,281.2760452,0,0,0.000363135,0,0,0,6.57E-06,0,0,0,0,0,0,3.51E-05,34.0747,0.002872606,8.50E-05,0,0,0,0,0,0,0,0,0,0,0,0,0,0,0,0.025000798,457,6.91276128,5.999999977,5.299997818,0.00444657,0,0,16.51288272,19.17196014,32.12167727
1908,298.52,964.0852972,281.6110439,0,0,0.000365674,0,0,0,6.62E-06,0,0,0,0,0,0,3.53E-05,34.0824,0.003764991,0.00011,0,0,0,0,0,0,0,0,0,0,0,0,0,0,0,0.024999914,457,6.91276128,5.999999955,5.299997818,0.00444657,0,0,16.51288224,19.17773162,32.12522837
1909,298.94,969.3983672,281.9500447,0,0,0.000368214,0,0,0,6.66E-06,0,0,0,0,0,0,3.56E-05,34.0874,0.00433499,0.000125,0,0,0,0,0,0,0,0,0,0,0,0,0,0,0,0.025073378,457,6.91276128,5.999999952,5.299997818,0.00444657,0,0,16.51292127,19.18146312,32.12757271
1910,299.38,974.7870881,282.3140436,0,0,0.000370753,0,0,0,6.71E-06,0,0,0,0,0,0,3.58E-05,34.0983,0.00560999,0.00016,0,0,0,0,0,0,0,0,0,0,0,0,0,0,0,0.025329282,457,6.91276128,5.999999921,5.299997818,0.00444657,0,0,16.51305721,19.18964994,32.13277806
1911,299.83,979.4653274,282.7210423,0,0,0.000373293,0,0,0,6.76E-06,0,0,0,0,0,0,3.61E-05,34.1146,0.007499989,0.00021,0,0,0,0,0,0,0,0,0,0,0,0,0,0,0,0.081247234,457,6.91276128,5.999999931,5.299997818,0.00444657,0,0,16.54276362,19.20186144,32.17685458
1912,300.35,983.6058602,283.0190456,0,0,0.000375832,0,0,0,6.80E-06,0,0,0,0,0,0,3.63E-05,34.1298,0.009259988,0.000265,0,0,0,0,0,0,0,0,0,0,0,0,0,0,0,0.100000089,457,6.91276128,5.999999879,5.299997818,0.00444657,0,0,16.55272606,19.21325982,32.19613043
1913,300.91,986.2423271,283.362044,0,0,0.000378371,0,0,0,6.85E-06,0,0,0,0,0,0,3.66E-05,34.1498,0.011569988,0.00033,0,0,0,0,0,0,0,0,0,0,0,0,0,0,0,0.116667017,457,6.91276128,5.999999921,5.299997818,0.00444657,0,0,16.56158038,19.22823507,32.21624359
1914,301.42,988.6108728,283.7160437,0,0,0.000380911,0,0,0,6.89E-06,0,0,0,0,0,0,3.68E-05,34.1715,0.014084987,0.0004,0,0,0,0,0,0,0,0,0,0,0,0,0,0,0,0.193330538,457,6.91276128,5.999999817,5.299997818,0.00444657,0,0,16.60230785,19.24449564,32.27637621
1915,301.94,991.4610852,284.0470441,0,0,0.00038345,0,0,0,6.94E-06,0,0,0,0,0,0,3.71E-05,34.194,0.016684986,0.000475,0,0,0,0,0,0,0,0,0,0,0,0,0,0,0,0.316559707,457,6.91276128,5.999999941,5.299997817,0.00444657,0,0,16.66777338,19.26134777,32.3673197
1916,302.48,998.4538274,284.312046,0,0,0.00038599,0,0,0,6.99E-06,0,0,0,0,0,0,3.73E-05,34.2198,0.019669986,0.00056,0,0,0,0,0,0,0,0,0,0,0,0,0,0,0,0.52065248,457,6.91276128,5.999999701,5.299997818,0.00444657,0,0,16.7761976,19.28067521,32.51265872
1917,303.01,1003.570556,284.6150437,0,0,0.000388529,0,0,0,7.03E-06,0,0,0,0,0,0,3.76E-05,34.2564,0.023924985,0.00068,0,0,0,0,0,0,0,0,0,0,0,0,0,0,0,0.756340641,457,6.91276128,6.000000049,5.299997817,0.00444657,0,0,16.90140702,19.30812327,32.68365374
1918,303.45,1010.130448,284.8050463,0,0,0.000391068,0,0,0,7.08E-06,0,0,0,0,0,0,3.78E-05,34.2975,0.028689984,0.000815,0,0,0,0,0,0,0,0,0,0,0,0,0,0,0,0.927673729,457,6.91276128,5.999999432,5.299997819,0.00444657,0,0,16.99242757,19.33892572,32.81463438
1919,303.81,1017.630364,284.8510501,0,0,0.000393608,0,0,0,7.12E-06,0,0,0,0,0,0,3.81E-05,34.3387,0.033434983,0.00095,0,0,0,0,0,0,0,0,0,0,0,0,0,0,0,1.08436435,457,6.91276128,6.000000404,5.299997816,0.00444657,0,0,17.07566971,19.36975316,32.93605697
1920,304.25,1025.070324,284.9290486,0,0,0.000396147,0,0,0,7.17E-06,0,0,0,0,0,0,3.83E-05,34.3758,0.037704983,0.00107,0,0,0,0,0,0,0,0,0,0,0,0,0,0,0,1.176037726,457,6.91276128,5.999999109,5.299997821,0.00444657,0,0,17.12437087,19.39750591,33.01307547
1921,304.6,1032.200339,285.0390482,0,0,0.000398687,0,0,0,7.22E-06,0,0,0,0,0,0,3.85E-05,34.41469996,0.042184982,0.0012,0,0,0,0,0,0,0,0,0,0,0,0,0,0,0,1.241669521,457,6.91276128,6.004406908,5.299997812,0.00444657,0,0,17.16033971,19.42661677,33.07525919
1922,304.94,1039.100262,285.1700491,0,0,0.000401226,0,0,0,7.26E-06,0,0,0,0,0,0,3.88E-05,34.43009973,0.043894981,0.00125,0,0,0,0,0,0,0,0,0,0,0,0,0,0,0,1.388885518,457,6.91276128,6.016761834,5.299997827,0.00444657,0,0,17.24163694,19.43804064,33.18234739
1923,305.27,1045.130075,285.4670428,0,0,0.000403766,0,0,0,7.31E-06,0,0,0,0,0,0,3.90E-05,34.45719965,0.04700498,0.001335,0,0,0,0,0,0,0,0,0,0,0,0,0,0,0,1.624991601,457,6.91276128,6.035730472,5.2999978,0.00444657,0,0,17.37181045,19.4582946,33.35502492
1924,305.63,1049.450038,285.605048,0,0,0.000406305,0,0,0,7.35E-06,0,0,0,0,0,0,3.93E-05,34.50569963,0.052589979,0.001495,0,0,0,0,0,0,0,0,0,0,0,0,0,0,0,1.845954342,457,6.91276128,6.059961311,5.299997849,0.00444657,0,0,17.49525462,19.49458452,33.52928847
1925,305.81,1052.159978,285.6520495,0,0,0.000408844,0,0,0,7.40E-06,0,0,0,0,0,0,3.95E-05,34.56059961,0.058854977,0.001675,0,0,0,0,0,0,0,0,0,0,0,0,0,0,0,2.116421506,457,6.912761281,6.088124812,5.299997758,0.00444657,0,0,17.64598117,19.53557195,33.74002111
1926,305.95,1053.600124,285.6920494,0,0,0.000411384,0,0,0,7.45E-06,0,0,0,0,0,0,3.98E-05,34.61619959,0.065164976,0.001855,0,0,0,0,0,0,0,0,0,0,0,0,0,0,0,2.460367273,457,6.912761279,6.118870655,5.299997931,0.00444657,0,0,17.83638883,19.57702344,33.9998776
1927,306.18,1055.770562,285.7400496,0,0,0.000413923,0,0,0,7.49E-06,0,0,0,0,0,0,4.00E-05,34.67679956,0.072019975,0.00205,0,0,0,0,0,0,0,0,0,0,0,0,0,0,0,2.694285727,457,6.912761282,6.150859345,5.299997598,0.00444657,0,0,17.96865517,19.62216525,34.19044652
1928,306.33,1060.640364,285.833048,0,0,0.000416463,0,0,0,7.54E-06,0,0,0,0,0,0,4.03E-05,34.74499954,0.079704974,0.00227,0,0,0,0,0,0,0,0,0,0,0,0,0,0,0,3.02649054,457,6.912761276,6.182749912,5.29999825,0.00444657,0,0,18.15311163,19.67292267,34.44870519
1929,306.49,1066.660342,285.891049,0,0.000838775,0.000419002,0,0,0,7.58E-06,0,0,0,0,0,0,4.05E-05,34.82519952,0.088704972,0.00253,0,0,0,0,0,0,0,0,0,0,0,0,0,0,0,3.517713635,457,6.912761288,6.213214183,5.299996972,0.00444657,0,0,18.42168995,19.73349841,34.8165405
1930,306.62,1072.640109,285.9380507,0,0.005108676,0.000421541,0,0,0,7.63E-06,0,0,0,0,0,0,4.08E-05,34.90929949,0.098079971,0.002805,0,0,0,0,0,0,0,0,0.001314997,0,0,0,0,0,0,4.063463936,457,6.912761265,6.240888981,5.299999025,0.00444657,0,0,18.71977133,19.8007401,35.22478939
1931,306.82,1077.490222,286.124045,0,0.001377563,0.000424081,0,0,0,7.68E-06,0,0,0,0,0,0,4.10E-05,34.98659947,0.106624969,0.00305,0,0,0,0,0,0,0,0,0.021151568,0,0,0,0,0,0,4.7029781,457,6.912761311,6.267828855,5.306650862,0.00444657,0,0,19.08492814,19.85380627,35.70686926
1932,307.09,1081.960229,286.2220498,0,0.000661664,0.00042662,0,0,0,7.72E-06,0,0,0,0,0,0,4.13E-05,35.04279944,0.112749968,0.00323,0,0,0,0,0,0,0,0,0.074997452,0,0,0,0,0,0,5.29421339,456.9999999,6.912761217,6.295786017,5.338305336,0.00444657,0,0,19.45688736,19.89450081,36.18970802
1933,307.4,1086.540334,286.3710464,0,0.000719201,0.00042916,0,0,0,7.77E-06,0,0,0,0,0,0,4.15E-05,35.07669941,0.116369966,0.00334,0,0,0,0,0,0,0,0,0.124997953,0,0,0,0,0,0,5.937420767,457.0000001,6.912761412,6.325074174,5.37997853,0.004446569,0,0,19.85330973,19.91948515,36.69298745
1934,307.78,1091.770309,286.4670491,0,0.000781741,0.000431699,0,0,0,7.81E-06,0,0,0,0,0,0,4.18E-05,35.11159938,0.120129964,0.00345,0,0,0,0,0,0,0,0,0.174997895,0,0,0.000761762,0,0,0,6.67979854,456.9999997,6.912760998,6.3552219,5.419978718,0.004446572,0,0,20.30310966,19.94525636,37.26244657
1935,308.23,1097.080137,286.587048,0,0.000849719,0.000434238,0,0,0,7.86E-06,0,0,0,0,0,0,4.20E-05,35.15789934,0.125109962,0.0036,0,0,0,0,0,0,0,0,0.224997905,0,0,0.019080033,0,0,0,7.595823196,457.0000006,6.912761891,6.387278316,5.459979389,0.004446566,0,0,20.85715835,19.97942245,37.96537793
1936,309.01,1101.830314,286.7470474,0,0.000923609,0.000436778,0,0,0,7.91E-06,0,0,0,0,0,0,4.23E-05,35.23359931,0.13321496,0.003845,0,0,0,0,0,0,0,0,0.274997908,0,0,0.079322331,0,0,0,8.761372126,456.9999987,6.912759935,6.420506388,5.499979962,0.004446579,0,0,21.57157202,20.03518174,38.87896972
1937,309.76,1106.32,286.9510467,0,0.001003923,0.000439317,0,0,0,7.95E-06,0,0,0,0,0,0,4.25E-05,35.33639927,0.144079958,0.004175,0,0,0,0,0,0,0,0,0.32499791,0,0,0.140004524,0,0,0,10.0249596,457.0000029,6.912764285,6.455213233,5.53998056,0.004446548,0,0,22.33872779,20.11065327,39.86960544
1938,310.29,1110.630798,287.1910453,0,0.001091222,0.000441857,0,0,0,8.00E-06,0,0,0,0,0,0,4.27E-05,35.46979924,0.158039956,0.004605,0,0,0,0,0,0,0,0,0.374997915,0,0,0.200004306,0,0,0,11.26616316,456.9999934,6.912754462,6.491689816,5.579981152,0.00444662,0,0,23.09398504,20.20835608,40.85927764
1939,310.85,1116.90968,287.3870472,0,0.001186112,0.000444396,0,0,0,8.04E-06,0,0,0,0,0,0,4.30E-05,35.6214992,0.173689954,0.005095,0,0,0,0,0,0,0,0,0.424997916,0.000443772,0,0.260004537,0,0,0,12.57576191,457.0000152,6.912776968,6.530165763,5.619981745,0.004446448,0,0,23.88651106,20.31910681,41.90284858
1940,311.36,1120.120184,287.6190462,0,0.001289256,0.000446935,0,0,0,8.09E-06,0,0,0,0,0,0,4.32E-05,35.80499915,0.192399951,0.00569,0,0,0,0,0,0,0,0,0.474997921,0.009225912,0,0.320004246,0,0,0,14.09085474,456.9999642,6.91272609,6.570712181,5.659982338,0.004446994,0,0,24.79679238,20.45271932,43.1054179
1941,311.81,1123.240512,287.8640449,0,0.001401384,0.000449475,0,0,0,8.14E-06,0,0,0,0,0,0,4.35E-05,35.99129911,0.211069949,0.00629,0,0,0,0,0,0,0,0,0.524997922,0.048158331,0,0.380004601,0,0,0,15.87214917,457.0000864,6.923158517,6.612889009,5.699982931,0.012151916,0,0,25.88607972,20.58786319,44.5292447
1942,312.17,1128.19013,288.1380502,0,0.001523267,0.000452014,0,0,0,8.18E-06,0,0,0,0,0,0,4.37E-05,36.23889906,0.235624951,0.0071,0,0,0,0,0,0,0,0,0.574997928,0.112600847,0,0.440004135,0,0,0,18.12043035,456.9997406,6.954429555,6.657354278,5.739983524,0.01866485,0,0,27.24959701,20.76706211,46.31769608
1943,312.39,1132.660154,288.7810313,0,0.001655751,0.000454554,0,0,0,8.23E-06,0,0,0,0,0,0,4.40E-05,36.56109901,0.267039953,0.00816,0,0,0,0,0,0,0,0,0.624997927,0.202455463,0,0.500004738,0,0,0,20.7941189,457.9320007,7.005844808,6.704339453,5.779984118,0.023900682,0,0,28.89423569,20.99939169,48.48483882
1944,312.41,1136.270063,289.0000508,0,0.001799757,0.000457093,0,0,0,8.27E-06,0,0,0,0,0,0,4.42E-05,36.99279896,0.308314955,0.009595,0,0,0,0,0,0,0.019433657,0,0.674997936,0.317647079,0,0.560003915,0,0,0,23.86478322,460.7425038,7.076577331,6.753844851,5.819984709,0.027877628,0,0,30.85374098,21.30939049,51.06338777
1945,312.38,1139.320347,289.2270446,0,0.001956287,0.000459632,0,0,0,8.32E-06,0,0,0,0,0,0,4.45E-05,37.29769891,0.336379956,0.010605,0,0,0,0,0,0,0.421500216,0.004844145,0.724997931,0.458055694,0,0.620005041,0,0,0,25.9042485,463.2436967,7.165842312,6.805770056,5.859985307,0.031010342,0,0,32.66833211,21.526694,52.9356048
1946,312.39,1143.66048,289.4270461,0,0.002126432,0.000462172,0,0,0,8.37E-06,0,0,0,0,0,0,4.47E-05,37.39169885,0.344264958,0.010915,0,0,0,0,0,0,1.635710668,0.083372289,0.774997946,0.62355431,0,0.680003438,0,0,0,27.50475671,465.7432892,7.272848933,6.860763934,5.899985886,0.032291698,0,0,35.14674626,21.59262533,54.53212092
1947,312.49,1149.640289,289.511049,0,0.002311375,0.000464711,0,0,0,8.41E-06,0,0,0,0,0,0,4.50E-05,37.50009879,0.353654959,0.011285,0,0,0,0,0,0,2.835014025,0.300011043,0.824997931,0.814011926,0,0.740005749,0,0,0,29.07856107,468.2434297,7.396803249,6.918758503,5.939986517,0.032812487,0,0,37.73413021,21.66912986,56.28760752
1948,312.52,1155.630178,289.5560491,0,0.002512403,0.000467251,0,0,0,8.46E-06,0,0,0,0,0,0,4.52E-05,37.67049873,0.368314959,0.01187,0,0,0,0,0,0,4.025014262,0.500013009,0.874997961,1.031654541,0,0.800002308,0,0,0,31.0411432,470.7433789,7.53691753,6.979702716,5.979987009,0.032833278,0,0,40.53335688,21.78913811,58.34204513
1949,312.63,1160.349946,289.5980505,0,0.002730915,0.00046979,0,0,0,8.50E-06,0,0,0,0,0,0.000274774,4.55E-05,37.85519866,0.38362496,0.012515,0,0,0,0,0,0,5.215013001,0.700011972,0.924997922,1.251817253,0,0.860007608,0,0,0,33.1923367,473.2434019,7.692389308,7.044185648,6.019987886,0.032095154,0,0,43.43686541,21.91930929,60.5310856
1950,312.82,1163.820558,289.7390466,0,0.003054188,0.000472329,0,0,0,8.55E-06,0,0,0,0,0,0.001923504,4.57E-05,38.02389859,0.39696996,0.013105,0,0,0,0,0,0,6.38225718,0.893881845,0.974997986,1.482466436,0,0.927500591,0,0,0,35.49983259,475.7314635,7.862438425,7.112189385,6.059987796,0.030305767,0,0,46.41166811,22.04232647,62.8314759
1951,313.01,1168.810108,289.8600485,0,0.006885135,0.000474869,0,0,0,8.60E-06,0,0,0,0,0,0.00546686,4.60E-05,38.20429851,0.41064496,0.013745,0,0,0,0,0,0,7.775353189,1.146855532,1.02442798,1.734915871,0,0.934997703,0,0,0,37.58082577,478.3116426,8.04626279,7.183522627,6.099990539,0.028203127,0,0,49.52594582,22.18322377,65.0365594
1952,313.34,1174.310883,290.0250487,0,0.020875124,0.000477408,0,0,0,8.64E-06,0,0,0,0,0,0.014999348,4.62E-05,38.40699844,0.42523996,0.014465,0,0,0,0,0,0,9.444400434,1.554026657,1.079317696,1.984303843,0,0.92000026,0,0,0,38.70689525,481.1606416,8.24306693,7.259722577,6.139426121,0.026776751,0,0,52.53298753,22.37100751,66.79888105
1953,313.73,1183.360648,290.3340422,0,0.04651179,0.000479948,0,0,0,8.69E-06,0,0,0,0,0,0.024999434,4.65E-05,38.61429835,0.439209959,0.01521,0,0,0,0,0,0,11.21332526,2.12943667,1.138927608,2.239912168,0,0.926251683,0,0,0.001163425,40.05176042,484.1764457,8.459376398,7.340943329,6.184987498,0.024952414,0,0,55.92549875,22.57521428,68.92280693
1954,314.09,1194.430622,290.5480486,0,0.082130702,0.000482487,0,0,0,8.73E-06,0,0,0,0,0,0.034999388,4.67E-05,38.84129827,0.453484958,0.01602,0,0,0,0,0,0,13.20392792,2.86359643,1.207977056,2.494911856,0,0.963755778,0,0,0.017432911,41.54246721,488.5088518,8.70284383,7.427393048,6.229988309,0.023499979,0,0,59.82355146,22.80232216,71.41019645
1955,314.41,1206.650918,290.8440442,0,0.127459914,0.000485026,0,0,0,8.78E-06,0,0,0,0,0,0.044999436,4.69E-05,39.07069818,0.466714957,0.01683,0,0,0,0,0,0,15.43963218,3.767790832,1.293746353,2.74991219,0,1.053860108,0,0,0.108080192,43.17295877,493.2549823,8.963726223,7.519442579,6.274988799,0.021999981,0,0,64.26150247,23.04007164,74.26696137
1956,314.7,1221.100798,291.1870441,0,0.182289027,0.000487566,0,0,0,8.83E-06,0,0,0,0,0,0.054999379,4.72E-05,39.30019808,0.478794956,0.017625,0,0,0,0,0,0,18.00713838,4.900767459,1.388206119,3.006162921,0,1.186010383,0,0,0.289042432,44.93925634,496.9596978,9.237827859,7.616433568,6.319989706,0.020458319,0,0,69.31588831,23.28674126,77.47953301
1957,314.99,1235.800171,291.512044,0,0.246412139,0.000490105,0,0,0,8.87E-06,0,0,0,0,0,0.06499945,4.74E-05,39.52009798,0.489309954,0.01836,0,0,0,0,0,0,20.97754012,6.23939735,1.497475396,3.249913385,0,1.346465378,0,0,0.563670092,46.82995224,500.6978186,9.522201381,7.718483878,6.364989762,0.019499981,0,0,75.05098852,23.53591678,81.03557759
1958,315.34,1247.420461,291.7720454,0,0.319618251,0.000492645,0,0,0,8.92E-06,0,0,0,0,0,0.074999357,4.77E-05,39.71509787,0.497734952,0.01897,0,0,0,0,0,0,24.18434009,7.567232603,1.627484466,3.496994845,0,1.584594542,0,0,0.880146157,48.8399493,504.5039342,9.817557971,7.825045869,6.409992388,0.018499996,0,0,81.16413823,23.77781945,84.7614866
1959,315.81,1257.320075,291.9870475,0,0.401699364,0.000495184,0,0,0,8.96E-06,0,0,0,0,0,0.084999482,4.79E-05,39.90489776,0.50523995,0.01953,0,0,0,0,0,0,27.60905121,8.797124084,1.777483687,3.726592113,0,1.906034764,0,0,1.23860976,50.9711455,508.3637169,10.13043323,7.935598473,6.454298415,0.01749999,0,0,87.54997583,24.02525727,88.55821939
1960,316.62,1264.119863,292.2830443,0,0.492447476,0.000497724,0,0,0,9.01E-06,0,0,0,0,0,0.094999392,5.65E-05,40.11859765,0.513094947,0.020105,0,0,0,0,0,1.13E-05,31.60535995,10.23712132,1.946942896,3.938670528,0,2.249406633,0,0,1.701523037,53.21124303,512.232841,10.45914598,8.049692187,6.504989128,0.016499992,1.21E-06,6.98E-06,94.77723883,24.29649453,92.70169371
1961,317.3,1269.461513,292.6020449,0,0.591652588,0.000500263,0,0,0,9.05E-06,0,0,0,0,0,0.109999035,0.000395681,40.34249752,0.520729945,0.02064,0,0,0,0,0,0.00173701,36.23666474,12.16785401,2.141221818,4.163667125,0,2.637653884,0,0,2.179267275,55.56353954,516.0400788,10.79952545,8.166467469,6.554991816,0.015499992,9.69E-06,5.58E-05,103.1661718,24.60422338,97.51583851
1962,318.04,1282.571309,292.9450444,0,0.6991077,0.000502802,0,0,0,9.10E-06,0,0,0,0,0,0.129998789,0.000919101,40.56609716,0.527874942,0.021115,0,0,0,0,0,0.00677707,41.47677825,14.63989329,2.365680499,4.398663654,0,3.129154267,0,0,2.772260261,58.00743682,519.726474,11.15687459,8.285772741,6.604418453,0.01449999,1.94E-05,0.000111655,112.7817873,24.94486583,103.1106978
1963,318.65,1300.790571,293.3270429,0,0.814602813,0.000505342,0,0,0,9.15E-06,0,0,0,0,0,0.154998346,0.001543204,40.80479573,0.535164939,0.02157,0,0,0,0,0,0.0148637,47.60459269,17.71703305,2.625518996,4.635970328,0.000143319,3.753723801,0,0,3.511745083,60.50743685,523.243996,11.52505722,8.406959445,6.659987603,0.013499995,2.91E-05,0.000209542,123.9577465,25.32726878,109.559124
1964,319.33,1317.370444,293.6850441,0,0.937929925,0.000507881,0,0,0,9.19E-06,0,0,0,0,0,0.179998678,0.00230076,41.05469583,0.542524935,0.02199,0,0,0,0,0,0.0257405,54.79980479,21.42167147,2.919597673,4.877437029,0.003477729,4.502781692,0,0,4.254168105,63.07753315,526.5386448,11.90180882,8.530663929,6.715564295,0.012499973,3.87E-05,0.000321819,136.8631296,25.73058163,116.8352192
1965,319.82,1331.060283,294.0450443,0,1.068882037,0.000510421,0,0,0,9.24E-06,0,0,0,0,0,0.199998773,0.003262468,41.34249588,0.550849931,0.022435,0,0.0000125,1.04E-05,2.29E-05,2.08E-05,0.0391509,63.02901486,25.70980002,3.257975677,5.13517362,0.019166272,5.391107508,0,0,5.182889401,65.62683475,529.5773614,12.28543228,8.657198676,6.764422173,0.011375026,5.61E-05,0.000459676,151.4558985,26.15305584,124.9272758
1966,320.88,1342.240508,294.4530426,0,1.20724215,0.00051296,0,0,0,9.28E-06,0,0,0,0,0,0.21999896,0.004444035,41.65249588,0.559774927,0.02289,0,0.000149648,9.91E-05,0.000199068,0.000190599,0.0548384,72.24792998,30.50373394,3.653163197,5.413369552,0.039499384,6.472539754,0,0,6.633789983,68.07124025,532.3371009,12.67705464,8.78619417,6.819308157,0.010999986,0.000119217,0.001805521,167.7051631,26.60366124,133.8573092
1967,321.48,1354.271556,294.8600433,0,1.352812262,0.000515499,0,0,0,9.33E-06,0,0,0,0,0,0.239998735,0.00594885,42.00469588,0.570144923,0.0234,0,0.000414318,0.000233465,0.0004286,0.000428484,0.0725467,82.61014628,35.86647805,4.101901112,5.707025375,0.063713494,7.774255813,0,0,8.81561646,70.42624311,534.8238174,13.07116632,8.917659332,6.879989934,0.011131962,0.000223556,0.005476358,185.8795909,27.0937672,143.7739424
1968,322.39,1371.650471,295.2690429,0,1.505382374,0.000518039,0,0,0,9.38E-06,0,0,0,0,0,0.269998018,0.007807039,42.41149588,0.582704919,0.02399,2.89E-06,0.000813764,0.000405828,0.000687885,0.000720487,0.0920193,94.25966325,41.93913243,4.615648276,6.014501197,0.098729181,9.383843428,0,0,11.54927615,72.69054731,537.0335588,13.46686688,9.051833874,6.939991094,0.014528773,0.000360778,0.010674211,206.2704085,27.66635138,154.8848257
1969,323.25,1389.341737,295.681043,0,1.664742487,0.000520578,1.22E-06,9.68E-06,0,9.42E-06,0,0,0,0,3.30E-05,0.29999837,0.010129108,42.86239594,0.597669914,0.02467,2.31E-05,0.001363926,0.000613187,0.000985957,0.001058281,0.113,107.2891798,48.92260712,5.203845167,6.33414702,0.143262747,11.19163774,0,0,14.64974034,74.86995058,538.9712391,13.86197915,9.189357215,6.999991582,0.02660746,0.000513466,0.016677814,229.0349533,28.27974855,167.2438741
1970,324.78,1411.100512,296.0980429,0,1.830672599,0.000523118,8.56E-06,6.79E-05,0,9.47E-06,2.86E-08,0,0,0,0.000236974,0.324998574,0.012998711,43.40139625,0.617444908,0.02553,4.90E-05,0.002074985,0.000864906,0.001318848,0.001435363,0.135231,121.6491897,56.95325518,5.88241123,6.664311913,0.203540499,13.09374699,0,0.001065175,17.68018514,76.96995385,540.66486,14.25530305,9.32976213,7.059993495,0.04295516,0.000788676,0.022781516,254.0876065,28.94435797,180.813041
1971,325.4,1431.120953,296.5220428,0,2.002982711,0.000525657,1.01E-05,7.89E-05,0,0.0006875,5.14E-05,0,8.59E-05,0,0.000295589,0.354998112,0.016469326,44.0078961,0.6424449,0.026565,0.000303751,0.00292898,0.00115692,0.001682511,0.001846186,0.158458,137.1382049,65.84650854,6.660777093,7.004381234,0.274415233,15.12005536,0,0.021073127,20.81547785,78.98995712,542.1264454,14.64593638,9.473883948,7.119412277,0.061202233,0.003391636,0.029181621,281.1507099,29.68540078,195.514099
1972,327.35,1449.290028,296.9550426,0,2.181452823,0.000528196,1.04E-05,8.04E-05,0,0.0025,0.000187031,0,0.0003125,0,0.000235578,0.389997878,0.0205848,44.68869589,0.67407489,0.027815,0.00114133,0.00390667,0.001484944,0.002075046,0.002300143,0.182423,153.856226,75.67088768,7.553642207,7.356679625,0.348219917,17.35239005,0,0.069999842,24.91669802,80.9293605,543.3849343,15.03268314,9.622934288,7.184317335,0.081566239,0.010107177,0.036613825,310.6425968,30.50996791,211.7432058
1973,329.91,1462.860702,297.3990424,0,2.365882936,0.000530736,1.07E-05,8.18E-05,0,0.0050625,0.000378738,0,0.000632813,0,0.000169163,0.424998011,0.025345894,45.45469555,0.713879879,0.02935,0.002472,0.0049981,0.00186052,0.002494564,0.002788735,0.20687,172.25726,86.87261649,8.576456757,7.723948017,0.438013555,19.92769459,0,0.114999842,30.32583647,82.79306371,544.4634017,15.41453877,9.776117179,7.255663538,0.107531536,0.020921595,0.04518213,343.5565988,31.40736837,230.1575668
1974,330.76,1476.140911,297.8550422,0,2.556043048,0.000533275,1.10E-05,8.33E-05,0,0.008,0.0005985,0,0.001,0,9.78E-05,0.459997921,0.030775486,46.34259529,0.764989869,0.03132,0.004224,0.00619347,0.002273166,0.002939177,0.003296887,0.231542,192.5642491,99.53890268,9.748060452,8.108936408,0.543196139,22.52558277,0,0.161269842,36.76850455,84.59316609,545.3698231,15.79050592,9.933977276,7.319503661,0.146534775,0.034983893,0.054990735,379.9518633,32.40166564,250.5703963
1975,330.83,1491.740965,298.326042,0,2.75175316,0.000535815,1.14E-05,8.64E-05,2.82E-06,0.0109375,0.000818262,0,0.00136719,0,8.32E-05,0.499997611,0.036913378,47.35769548,0.828489873,0.033995,0.00633333,0.00748299,0.002723323,0.003407074,0.003817782,0.256183,213.2352218,112.331764,11.09574286,8.514406523,0.661696679,25.1791244,0,0.194999843,42.72001613,86.32876873,546.1371378,16.1594846,10.09768575,7.389227279,0.203307822,0.051680791,0.066143439,416.9109731,33.51432448,271.3020475
1976,331.54,1509.110962,298.8140417,0,2.952783273,0.000538354,1.17E-05,0.007432716,2.25E-05,0.0135,0.00100997,0,0.0016875,0,0.00036369,0.544380327,0.043801869,48.27609537,0.887209869,0.036665,0.008736,0.00885687,0.003215376,0.003912958,0.004344617,0.280537,232.9972202,124.7307475,12.63643535,8.955106976,0.81180818,28.19611552,0,0.229999843,49.04176908,87.99307184,546.791424,16.52037435,10.26717503,7.465574264,0.277511982,0.087156987,0.080355144,453.1918997,34.59521301,292.2981982
1977,333.35,1527.680955,299.3190414,0,3.158943385,0.000540893,1.20E-05,0.026895796,4.51E-05,0.0153125,0.00114557,0,0.00191406,0,0.00499715,0.594551172,0.051483361,49.29249505,0.949079861,0.039815,0.011368,0.0103053,0.003740268,0.004452555,0.004870567,0.304347,251.9942055,136.7956981,14.47871704,9.431879153,0.983641675,31.40779854,0,0.264999843,57.53721462,89.5924745,547.3396889,16.87217461,10.44266329,7.534413864,0.369696973,0.150426983,0.098297148,489.3796619,35.78031051,314.1853681
1978,335.01,1546.890908,299.845041,0,3.370003503,0.000543433,1.24E-05,0.054136695,6.76E-05,0.016,0.001197,0,0.002,0,0.0101594,0.659995732,0.059999853,50.43949489,1.021159854,0.043615,0.0141653,0.0118185,0.004300959,0.005013018,0.005388823,0.327356,270.0011859,148.0045805,15.96304758,9.926631329,1.17364517,35.7235771,0,0.298729835,68.57340068,91.13187645,547.7978985,17.21378637,10.6243515,7.609319153,0.47630767,0.230200978,0.118508053,524.8513792,37.12229426,336.5062651
1979,336.6,1566.160847,300.3930407,0,3.730003667,0.000545972,1.15E-05,0.084902694,9.01E-05,0.016,0.001197,0,0.001,0,0.0146059,0.769992632,0.159999848,51.55739484,1.094819846,0.047935,0.017064,0.0133867,0.00488945,0.005592088,0.005892573,0.353214,286.4941585,157.638472,17.68312701,10.42123351,1.378264665,40.48909939,0,0.342519765,78.18179325,92.61308152,548.1820799,17.54420888,10.81253892,7.6899915,0.58937681,0.315191974,0.139529057,557.7271465,38.89801071,357.7624534
1980,338.7,1584.940753,300.9650402,0,4.130003868,0.000548512,5.52E-06,0.114940994,0.000112664,0.011,0.001197,0,5.11E-05,0,0.0177754,0.889993041,0.239999842,52.72269502,1.173509837,0.053255,0.02,0.015,0.0055,0.006217188,0.006382813,0.380096,302.1822505,166.0775217,20.16738843,10.89773566,1.593954124,44.5514893,0,0.411785645,85.15928517,94.1031727,548.5012385,17.86224342,11.00742606,7.769993808,0.709716624,0.39410897,0.159896062,588.5146706,40.75765624,377.4907671
1981,340.06,1602.650629,301.5620398,0,4.560003948,0.000551051,1.08E-05,0.139999994,0.000135197,0.003,0.001197,0,0.000127619,0,0.0197221,0.99999364,0.299999837,53.97579525,1.260189841,0.059785,0.024,0.0175,0.006515155,0.007289063,0.006901409,0.407822,319.4201305,174.7385057,23.25697322,11.34983798,1.842493364,48.66220623,0,0.504999622,90.82912021,95.3121946,548.7653707,18.1670859,11.2098113,7.849401621,0.835245683,0.468744964,0.180000068,621.2065998,42.65342053,397.6777595
1982,340.64,1618.730532,302.1870393,0,4.97000385,0.00055359,1.28E-05,0.159999998,0.00015773,0.002,0.001197,0,0.000269655,3.74E-06,0.0208354,1.119992619,0.339999831,55.10939562,1.34256985,0.0664,0.028,0.0205,0.00812351,0.008625,0.007240499,0.437303,335.1432685,183.2774727,27.2989114,11.80544082,2.144632584,52.7640924,0,0.597249616,95.16212261,96.45029187,548.9834749,18.45744384,11.41879992,7.934991458,0.972899207,0.553212956,0.200000072,652.8969286,44.47551535,418.4509757
1983,342.27,1632.620143,302.8420388,0,5.270004285,0.00055613,1.17E-05,0.179999994,0.000180262,0.011,0.001197,0,0.003,3.17E-05,0.0214704,1.239993068,0.389999825,56.16269554,1.409899844,0.07204,0.0325,0.0235,0.009936882,0.009968208,0.007240499,0.469505,352.5060954,191.1673244,30.83067339,12.1942356,2.499991906,56.78648764,0,0.672999685,99.4379598,97.67578944,549.1685519,18.73240864,11.63388809,8.019996365,1.14495953,0.65197495,0.219500077,685.2048958,46.14123322,437.8700516
1984,344.01,1643.500861,303.5280383,0,5.530004525,0.000558669,3.97E-06,0.199999994,0.000202795,0.017,0.001197,0,0.005,7.40E-05,0.0217531,1.359992909,0.449999818,57.26739519,1.482039829,0.07798,0.0375,0.027,0.011940864,0.011694932,0.0077454,0.504943,366.7992289,199.9671411,34.79922611,12.64292417,2.849991352,60.74248929,0,0.72171374,103.9462236,98.93998711,549.3226302,18.99078842,11.85477757,8.103740166,1.295939073,0.775712942,0.246125082,715.6685827,47.8174467,458.8037873
1985,345.46,1655.910492,304.2470377,0,5.870004583,0.000561209,8.57E-06,0.219999998,0.002249685,0.017,0.001197,0,0.004,0.00011811,0.0217833,1.499991284,0.519999811,58.37619528,1.568769831,0.08467,0.043,0.0305,0.014727071,0.014008732,0.008102531,0.543629,383.2672495,214.0334538,39.6523875,13.14410977,3.187290941,64.80020885,0,0.754999758,108.2164367,100.1819959,549.4526883,19.23167473,12.08026953,8.199989374,1.41598165,0.935456933,0.265208086,753.449484,49.69201637,486.1886064
1986,346.9,1668.791155,305.0020373,0,6.310004835,0.000563748,1.20E-05,0.259999993,0.019787868,0.018,0.001197,0,0.001,0.00026037,0.0216917,1.649991132,0.579999802,59.28379541,1.65024983,0.090615,0.0485,0.0345,0.018013485,0.017,0.009501247,0.585984,402.4122217,222.339684,44.60810727,13.69979481,3.649990567,69.13964018,0,0.787921734,111.0731501,101.6729752,549.5567533,19.45397577,12.30986201,8.294995167,1.574111379,1.132979924,0.279167091,789.5257348,51.62388789,508.2159472
1987,348.77,1683.749784,305.7930356,0,6.710005128,0.000566287,2.90E-05,0.289999988,0.046362445,0.022,0.001197,0,0.003,0.00069046,0.02165,1.799991229,0.619999793,60.24869523,1.734959822,0.096195,0.054,0.038,0.023,0.0205,0.011,0.63326,423.3474162,233.3356408,50.83082078,14.25549592,4.105550247,73.98439718,0,0.839189596,114.9139044,103.073981,549.646775,19.65658494,12.54534656,8.389330954,1.771160214,1.346309915,0.299500102,831.3263879,53.54580434,535.0792294
1988,351.28,1693.940925,306.6240409,7.71E-05,7.220005827,0.000568827,3.19E-05,0.329999992,0.081105674,0.02,0.001197,0,0.003000001,0.001493088,0.0221585,1.969989478,0.649999783,61.25519507,1.826239809,0.10223,0.06,0.0425,0.0285,0.0245,0.0135,0.679815,449.3231052,244.8257555,57.89559862,14.75671553,4.49442992,79.53813652,0,0.950459323,120.2763623,104.169018,549.7208285,19.83841464,12.7989115,8.489993168,1.972920299,1.548219907,0.324250103,879.935237,55.69766624,564.2596491
1989,352.89,1705.630429,307.8310207,0.00054493,7.7600062,0.000571366,3.28E-05,0.389999993,0.123860199,0.014,0.001197,0,0.003000001,0.002615397,0.0262824,2.149989423,0.659999772,62.29139498,1.923179805,0.109465,0.0655,0.047,0.0355,0.0285,0.016,0.716925,468.072173,256.5893143,64.49583634,15.21254202,4.94998957,85.39031455,0.00011204,1.121579057,124.9414038,105.8829334,549.780857,19.99840982,12.94653233,8.589393769,2.184091233,1.722359909,0.355750102,921.4695402,57.92992238,593.6767119
1990,354.07,1717.400668,308.6830389,0.007755279,8.280006091,0.000573906,0.002091195,0.439999992,0.176202852,0.014,0.001197,0,0.005000002,0.004025665,0.0338657,2.349987682,0.669999762,63.3211951,2.018889809,0.116304999,0.071,0.0515,0.0425,0.0325,0.019,0.746377,482.7560597,263.085193,70.81883358,15.57398441,5.405549306,90.98358917,0.03376847,1.44777797,128.8259148,106.4680288,549.8308517,20.15157459,12.90888214,8.694339761,2.425140698,1.876249915,0.380000101,953.4297103,60.21438444,616.3456527
1991,355.35,1729.33056,309.2330392,0.075825581,8.820006172,0.00165152,0.030692224,0.489999992,0.236941312,0.017,0.001196999,0,0.008000002,0.005709253,0.0411977,2.559987604,0.679999751,64.34609504,2.113149816,0.123209999,0.077,0.056,0.051,0.0375,0.022,0.771528,493.7842067,267.7901538,76.48646705,15.7520214,5.79998908,96.40249329,0.066480597,2.221526541,137.2217081,105.8530495,549.871074,20.30894426,12.58910417,8.804992592,2.665145994,2.020599921,0.405000099,979.8693404,62.66349732,636.8207783
1992,356.23,1740.139261,309.7250408,0.196005654,9.340006519,0.005856849,0.094828137,0.51999998,0.307183848,0.026000001,0.001196999,0,0.005000003,0.007651571,0.0489389,2.769987694,0.709999739,65.26709546,2.200229829,0.130369999,0.0825,0.061,0.0605,0.0425,0.026,0.790775,505.8679771,270.7759345,80.4037554,15.8999349,6.199989081,101.4922789,0.170776228,3.300515857,134.4471788,104.9830722,549.9049077,20.46313357,12.10270954,8.914994065,2.817202264,2.161349926,0.430500095,1001.598419,65.13440305,650.2124838
1993,356.92,1743.100661,310.099049,0.36491672,9.940007666,0.012622199,0.195520449,0.569999924,0.387410932,0.033000004,0.002393997,0,0.001066686,0.00983798,0.0573767,2.989986706,0.739999728,66.0913957,2.283709833,0.138369999,0.0885,0.066,0.071,0.0465,0.03,0.804658,511.9881022,271.1687739,82.41623738,16.06663942,6.607129385,105.4173414,0.714616166,4.475985339,127.5331448,104.3230418,549.9418873,20.6062784,12.02513686,9.027161373,3.00582981,2.292519932,0.45083308,1012.333174,67.79045877,657.5265245
1994,358.25,1748.62038,310.8080291,0.612369261,10.60000814,0.021451599,0.327725766,0.639999789,0.599730526,0.037000005,0.002393992,0,0.002012556,0.012253878,0.0668142,3.209987196,0.779999716,66.87479596,2.367939832,0.148089999,0.094,0.0705,0.082,0.0515,0.0345,0.816502,518.2140644,269.6277961,83.36027093,16.09994308,6.955350343,110.9444093,2.23833949,5.687364779,117.3179626,103.5700669,545.3847258,20.73100942,11.99219308,9.131617577,3.216891786,2.402529937,0.465417065,1021.086581,70.73713773,662.450567
1995,360.24,1755.229637,311.2790552,1.649199276,11.2700082,0.031974499,0.481656957,0.759999549,0.819731939,0.042000004,0.004787988,0,0.004000004,0.014884676,0.0775571,3.429987079,0.839999704,67.62789599,2.455579823,0.160489997,0.1,0.0755,0.0945,0.056,0.039,0.828287,524.6571057,268.103853,83.83788697,16.13744611,7.249992032,116.0475308,3.747459319,6.544661839,104.9949907,102.8890491,552.4202309,20.82965994,11.91562774,9.13146944,3.439076973,2.491109943,0.475000044,1029.018376,74.60330681,666.6620599
1996,362,1757.190597,312.2980193,3.231894499,11.99000811,0.043820599,0.649787149,0.939999213,0.92993581,0.049000011,0.007181984,0,0.00201362,0.017715674,0.0898515,3.659986237,0.899999691,68.36059598,2.552259809,0.176529995,0.106,0.081,0.109,0.0605,0.0435,0.841084,531.4080027,266.7558396,83.94530112,16.24994903,7.557493451,124.7284975,6.036929148,7.866570164,91.00497126,102.3110409,537.311211,20.89438406,11.43211172,9.063675706,3.602302108,2.569999948,0.486250038,1038.979972,79.13798666,673.4042623
1997,363.25,1761.501069,313.1830378,5.399307977,12.75000854,0.056619199,0.82481934,1.209998775,1.079883576,0.060000013,0.009575981,0,0.004000424,0.020732272,0.103936,3.889986493,0.929999678,69.069896,2.661009795,0.196299993,0.112,0.0855,0.124,0.065,0.048,0.855555,534.963034,265.2918521,83.52113247,16.36244681,7.813324523,127.3770247,7.714768977,8.959980699,77.60030497,101.2420824,542.7740227,20.91976881,10.67372271,9.140432434,3.780295749,2.650669954,0.490000036,1041.167828,84.4193784,674.9716722
1998,365.93,1770.290692,313.9070086,8.110631438,13.54000891,0.069999998,0.999452531,1.529998155,1.359591298,0.073000025,0.013166977,0,0.010000006,0.026339269,0.120167,4.109987565,0.979999665,69.77859605,2.781449786,0.21951499,0.118,0.09,0.14,0.069,0.053,0.871358,537.6670265,263.8838629,82.96492472,16.39994577,7.954165232,134.272823,9.836338806,9.961479774,65.37696431,100.3160465,570.72735,20.35929871,10.25878757,9.25463419,3.887360843,2.724999959,0.490000039,1046.231121,90.44830761,681.5855364
1999,367.84,1778.199508,314.7089864,11.12196899,14.30001099,0.08999999,1.220421723,1.939997352,1.539625771,0.086000038,0.016757973,4.15E-06,0.011000006,0.032415465,0.138752,4.358643637,1.019999651,70.47599609,2.908199774,0.245494988,0.1245,0.0945,0.1565,0.073,0.058,0.888086,540.1430326,262.545867,82.38263381,16.44995402,8.049995753,138.6809005,11.38479863,11.35428676,54.61866831,99.33087236,562.6231659,20.44127846,10.20066661,9.09377772,3.999729153,2.802669965,0.490000035,1048.712245,96.94194682,685.5879204
2000,369.12,1778.010133,315.7589947,14.69189455,15.12001011,0.169999962,1.603711914,2.429996362,2.107947569,0.106000051,0.02154597,2.95E-05,0.013000007,0.040547359,0.158601,4.563808581,1.049999636,71.17349622,3.038709772,0.273739986,0.13,0.0985,0.1725,0.0775,0.0625,0.905661,542.3829886,261.1698421,81.99841659,16.49996397,8.149996783,143.4614364,13.12139846,12.10278886,45.62981445,98.27196935,552.0705462,20.03465831,9.454691866,8.829522994,4.127887868,2.86237997,0.490000031,1051.120455,104.5195794,690.4581617
2001,370.67,1776.530734,316.4930128,19.70229558,15.88000954,0.269999935,1.978332105,2.969995257,2.302603921,0.132000049,0.026333966,0.000259714,0.019000007,0.050659651,0.181392,4.776847017,1.099999621,71.8547965,3.162919786,0.303624984,0.1365,0.103,0.1885,0.0815,0.067,0.924034,543.195014,259.5498322,81.48942809,16.5499795,8.262498719,149.2573949,14.54499832,13.05259183,37.92371257,97.35795715,542.7083239,19.54157919,9.350273603,8.354893207,4.220908432,2.894289975,0.490000031,1052.909259,113.352895,697.096237
2002,372.83,1778.960928,317.1010163,23.51545785,16.56001039,0.389999904,2.527012297,3.529994121,2.900863952,0.159000069,0.032318963,0.002832789,0.030000012,0.06128754,0.21256,4.990507538,1.159999605,72.51259645,3.280869788,0.334309982,0.1425,0.1065,0.2015,0.085,0.071,0.943718,543.6559868,257.6687914,80.81803446,16.59997547,8.299998415,154.42527,15.73959832,13.69309049,31.9174665,96.34296669,535.350136,21.38450099,8.940342304,8.333909139,4.280658752,2.938179975,0.490000034,1053.735641,121.4413407,702.5234761
2003,375.41,1783.589822,317.7300065,27.51708304,17.26001112,0.502713865,2.913952488,4.223822824,3.488562063,0.189000092,0.03830396,0.067158157,0.060000045,0.073067829,0.254791,5.207866993,1.219999586,73.28449531,3.425119787,0.369557977,0.1475,0.109,0.2135,0.089,0.0745,0.965652,543.3509969,255.4128071,80.10183481,16.59995266,8.320768524,158.9964028,16.89009837,14.40909019,26.71782735,95.34536149,538.8634623,21.95576257,8.946687822,8.222527906,4.319008377,2.997129956,0.488825035,1053.524391,129.894168,707.8405879
2004,376.99,1784.230278,318.3570142,31.54472268,18.06001347,0.824737824,3.54512268,5.007921499,3.886517258,0.233000116,0.044288957,0.237973921,0.12000009,0.086722218,0.306077,5.435196412,1.303859555,74.13009399,3.577999785,0.405883973,0.152,0.112,0.224,0.0925,0.077,0.990998,542.8479943,253.1937996,79.26674351,16.5900601,8.341978773,164.7063941,17.33459851,15.06349299,22.2226815,94.3884594,537.7152341,21.63081623,8.981352402,8.019330729,4.340159345,3.035939952,0.485722036,1053.297862,139.3121726,713.9765589
2005,378.91,1783.360415,319.1300041,36.60471896,18.97001566,1.275769783,4.231992871,5.881380174,4.650364603,0.285000135,0.050273953,0.466456885,0.210000113,0.102392908,0.35,5.656007268,1.380769523,74.98279268,3.697199784,0.440129968,0.156,0.114,0.2335,0.096,0.08,1.02075,542.1459784,250.9148036,78.73161922,16.54227318,8.346869023,170.4794894,17.67819867,15.68219339,18.55732919,93.41565891,538.5567708,22.70366573,9.29010228,7.93129758,4.354827182,3.073349959,0.481325037,1053.455467,150.4298399,721.8761947
2006,381.01,1783.421232,319.9330009,40.86165862,20.05001809,1.606559742,4.82896311,6.627838972,5.463509812,0.360000156,0.061035146,0.706620849,0.320000148,0.119628898,0.4,5.891855681,1.453479495,75.77629202,3.767239782,0.464344964,0.1595,0.116,0.241,0.0995,0.0815,1.05343,540.6499664,248.6647957,78.12813223,16.51448431,8.368909162,177.6055412,18.45499886,16.64789278,15.45824364,92.31416523,536.2959017,22.91611083,8.547016035,7.67986865,4.334849498,3.118419961,0.476269038,1053.707171,160.6436103,730.3126279
2007,382.6,1788.951311,320.6460137,45.316842,21.27452376,2.100419696,5.509383612,7.374408195,5.803807333,0.430000177,0.066375638,0.912475812,0.410000179,0.138230889,0.46,6.164003156,1.50287949,76.47559467,3.864439782,0.483076969,0.1625,0.1175,0.248,0.103,0.0835,1.0862,538.4259843,246.4138294,77.31464077,16.49068292,8.36018869,185.0205705,19.12419887,17.73009252,12.83412321,91.12946598,544.8235376,24.11316232,8.846131875,7.65165556,4.309016705,3.136809961,0.46845004,1053.942388,171.1538597,739.8071796
2008,384.74,1798.419648,321.5749913,49.71934078,22.00681877,2.708719636,6.429283924,8.326615996,6.857228635,0.500000199,0.074672633,1.080499781,0.432265216,0.157816883,0.52,6.453542625,1.539169494,77.15499475,3.942859793,0.503767975,0.165,0.1195,0.2535,0.107,0.085,1.11882,536.3339646,244.4768222,76.47364164,16.45867737,8.382678482,193.0975523,19.54649891,18.92829238,10.93584978,89.87336868,546.2872207,26.4127293,8.747184716,7.470538326,4.247629411,3.156759962,0.462309045,1054.803161,181.9931298,750.111706
2009,386.28,1802.10118,322.2750067,52.76593081,22.6582142,3.002319591,7.706023714,9.355365263,7.076026721,0.570000232,0.084006748,1.222539803,0.476335249,0.177476881,0.6,6.72832434,1.587909501,77.73389563,4.015999843,0.51754498,0.1675,0.121,0.258,0.11,0.086,1.15284,533.7759774,242.4608238,75.92381996,16.42168592,8.389018826,200.3144866,19.8701988,19.93079222,9.145282381,88.57357296,539.823167,26.1883814,8.543028169,7.17111269,4.189547876,3.183569966,0.462017031,1054.165238,191.1347701,758.1004864
2010,388.72,1807.850678,323.1409918,57.85153662,23.29651443,3.920989441,8.963194383,10.42698393,7.474033526,0.650000258,0.090501252,1.382749798,0.534628258,0.19690188,0.71,7.010202897,1.661259471,78.37379534,4.092629842,0.53965798,0.1695,0.122,0.263,0.114,0.087,1.18872,531.2819664,240.4518091,75.33903167,16.41509004,8.386359095,207.7455477,20.67949886,20.53689299,7.662665672,87.380959,535.3102578,29.34654771,8.949861947,7.125164194,4.121598822,3.196069966,0.458197024,1054.368492,203.0690708,768.7643823
2011,390.94,1813.070205,324.1589802,62.84794999,24.134216,5.171979407,10.46480495,11.92148508,7.894731997,0.740000252,0.096682127,1.555159774,0.555787285,0.21967887,0.83,7.307322114,1.743329429,79.04059458,4.170369847,0.558112979,0.172,0.123,0.267,0.117,0.088,1.22618,528.5329724,238.2458125,74.63823385,16.3613845,8.387008993,214.5593733,21.56119884,21.35419374,6.305953694,86.05878297,534.1656109,29.49461486,8.949700169,7.106488342,4.048868135,3.23095997,0.450772022,1053.454456,216.2338107,779.1241716
2012,393.02,1815.261234,325.0049911,67.75087195,24.98831739,5.642169309,11.74120577,12.84508455,8.037666181,0.830000262,0.111490941,1.750789764,0.635329261,0.232035888,0.96,7.598473328,1.823069397,79.78919499,4.244799848,0.57140498,0.1745,0.124,0.271,0.12,0.089,1.26365,525.8339698,236.2068374,73.97863018,16.34028708,8.405529201,220.1084062,22.5435988,21.61989368,5.245330815,85.01424537,537.6538087,29.2996157,8.843595631,6.987856723,3.964238052,3.252539973,0.44370102,1051.974537,227.8393142,787.7664294
2013,395.72,1822.580849,325.9189932,74.77006274,26.02762233,7.502489268,13.94660627,14.52268253,8.094252353,0.930000273,0.121750942,1.929539737,0.693024271,0.242738893,1.1,7.910870302,1.9533193,80.5326942,4.328779817,0.586580982,0.177,0.125,0.275,0.123,0.09,1.30112,523.1149754,234.3808681,73.30493415,16.32728018,8.421289533,226.1303638,23.41469876,22.20769445,4.36362556,83.89107921,539.6203592,35.04788413,9.249993007,6.848844537,3.861788437,3.305999974,0.436526021,1051.735053,244.8770232,801.3028787
2014,397.55,1831.471005,326.987993,80.5157287,26.89043525,8.336969012,15.35500766,15.25278089,7.73265845,1.005670268,0.1305709,2.047369733,0.765030303,0.247262893,1.24,8.221433068,2.039329284,81.09249054,4.398729723,0.600662976,0.1795,0.126,0.279,0.126,0.091,1.33858,520.5809648,233.0798702,72.71072447,16.30656762,8.429009295,229.5420669,23.80909854,22.07569416,3.680271247,83.06993149,539.5420322,36.34755717,9.901842314,6.686090273,3.753657778,3.297609971,0.431062024,1049.512878,257.0641981,809.1864766
